0,8,56,80,56,56,57,57,81,58,58,82,82,58,58,82,83,83,83,59,83,83,83,83,59,83,83,60,60,61,61,62,62,63,63,64,64,65,65,66,66,42
0,8,56,57,81,57,57,81,81,60,60,61,61,61,87,87,63,63,63,88,64,64,88,64,65,89,89,41
0,4,28,6,30,7,55,55,79,55,79,55,79,79,55,79,55,79,79,79,79,56,56,57,57,58,58,59,59,60,12,60,60,36,60,60,12,60,60,36,60,61,61,13,61,37,61,61,85,61,62,62,63,63,87,39
0,7,56,56,80,56,56,80,56,57,57,58,58,59,12,60,60,61,61,62,86,86,86,62,62,86,86,62,63,63,64,64,65,65,89,65,89,65,65,66,66,43
0,8,56,57,57,58,58,59,59,62,86,66,43
0,8,57,57,58,58,59,59,84,61,62,62,63,87,87,87,63,63,87,87,87,63,64,65,89,65,89,65,65,66,66,42
0,7,55,55,56,80,56,80,80,80,56,56,57,57,58,12,60,61,61,62,62,63,63,64,64,65,65,41
0,7,55,56,56,57,81,57,81,81,57,81,57,81,81,57,81,58,58,59,59,60,60,84,84,60,60,61,61,62,62,63,63,40
0,7,55,56,56,57,57,58,58,59,59,60,60,61,61,85,61,85,85,85,85,62,62,63,63,64,64,64,88,64,64,88,88,88,65,65,66,66,67,67,43
0,7,56,57,57,58,62,87,64,64,65,65,41
0,7,58,59,59,84,84,84,60,84,60,84,60,60,84,60,84,84,60,84,60,84,84,60,61,61,62,62,39
0,8,56,56,80,56,57,57,81,81,81,81,59,59,60,60,60,85,62,62,86,62,63,63,87,63,64,64,88,64,65,41
0,8,57,57,58,58,58,83,60,60,61,65,42
0,8,56,56,57,57,58,82,58,58,59,59,60,60,61,85,85,85,85,85,61,61,85,85,61,61,62,62,63,63,64,64,65,65,65,89,42
0,8,56,56,57,57,81,57,57,10,58,82,82,58,58,82,58,83,59,59,83,59,59,83,59,59,60,60,61,61,62,62,63,87,63,64,64,64,40
0,7,55,56,56,57,57,58,58,59,59,60,13,61,61,62,62,86,86,86,86,86,86,62,86,86,86,62,63,63,64,64,65,41
0,7,56,56,57,57,58,58,59,59,60,60,61,61,85,85,85,85,85,85,85,61,61,85,61,62,62,63,63,64,64,88,64,88,64,88,64,41
0,8,57,57,84,14,62,63,63,64,64,65,42
0,8,56,57,57,13,61,62,62,63,63,64,66,90,42
0,7,79,55,79,55,56,56,57,81,57,57,58,58,82,58,59,83,59,83,59,59,83,59,59,83,59,60,84,60,61,61,61,85,86,62,62,63,63,87,87,63,87,63,63,39
0,9,57,58,58,58,14,86,86,62,86,62,62,63,63,64,64,64,40
0,9,57,57,58,58,59,59,60,60,60,13,61,61,62,62,134,62,110,110,62,62,110,62,62,111,63,63,111,111,159,63,64,64,64,89,65,89,65,65,89,89,65,89,65,89,65,89,89,89,89,65,89,89,89,89,65,65,66,66,42
0,7,55,55,79,103,127,103,103,103,103,103,55,151,127,103,103,103,151,128,152,56,57,57,58,131,107,155,132,108,156,132,108,108,108,108,108,108,108,108,156,61,135,111,159,135,111,111,111,111,63,159,63,40
0,9,57,57,58,58,59,59,60,60,61,133,109,61,109,109,109,109,109,109,109,110,110,110,110,110,110,110,110,110,110,110,110,111,111,111,111,63,111,111,63,159,63,64,64,65,65,66,66,67,67,68,92,68,92,69,93,45
0,7,55,55,56,56,82,61,62,62,63,63,64,64,40
0,7,55,56,56,57,57,57,13,61,61,62,62,86,86,62,62,86,62,62,134,62,86,86,62,62,86,158,86,62,86,86,86,86,62,86,86,62,86,87,63,63,63,39
0,8,56,56,57,57,58,58,59,59,60,60,61,61,62,62,86,62,63,87,87,63,87,63,87,63,64,64,65,65,66,66,67,91,91,91,67,68,68,44
0,9,57,81,57,82,58,58,59,59,60,60,61,61,62,62,63,63,64,64,65,65,66,66,67,67,68,69,45
0,8,56,57,14,63,63,64,88,65,66,42
0,8,56,56,80,56,57,81,57,57,81,57,58,58,82,58,58,82,82,58,59,83,59,59,11,59,59,35,59,60,60,60,14,62,62,63,63,63,87,88,88,64,64,88,64,64,88,88,88,88,64,64,40
0,8,56,56,57,57,58,58,59,59,60,60,84,60,60,61,61,62,86,86,86,62,62,86,86,62,62,86,62,62,86,86,62,63,87,63,63,87,63,87,87,87,63,64,88,64,64,41
0,8,56,56,80,80,56,80,57,57,81,57,57,58,58,59,59,60,60,61,61,62,62,63,87,87,63,63,87,87,63,63,87,63,64,64,65,65,66,42
0,8,56,56,57,57,58,58,58,11,59,59,60,60,84,60,61,61,62,62,63,63,63,87,63,87,88,88,64,64,88,88,89,65,89,65,65,66,66,66,43
0,7,55,55,79,79,80,80,56,80,56,56,80,56,56,80,56,56,57,57,58,58,58,83,83,83,59,83,59,59,83,83,59,60,60,61,85,61,61,85,61,61,62,86,62,62,86,62,86,62,62,63,63,39
0,8,56,57,57,58,58,59,59,60,84,60,61,61,61,85,61,62,86,86,86,86,62,86,86,86,62,62,63,63,64,64,65,65,66,66,67,67,68,44
0,7,13,40
0,7,55,55,79,55,56,56,57,57,58,58,59,59,60,60,84,60,84,60,60,84,60,61,61,62,86,86,62,86,86,62,62,86,62,63,63,64,40
0,3,27,4,28,4,29,8,80,56,80,80,56,56,57,81,57,81,57,81,81,57,81,81,57,57,81,57,58,58,59,59,60,60,13,61,62,62,63,63,40,17,41,21,45
0,8,56,56,82,59,59,60,60,61,61,62,65,42
0,8,57,57,81,81,57,58,58,59,59,60,60,61,61,62,62,86,63,63,64,64,65,65,41
0,7,55,56,56,57,57,58,58,82,82,82,58,59,59,60,60,61,61,62,62,63,63,87,63,87,87,63,87,87,87,87,87,87,87,87,39
0,7,79,55,79,79,55,79,56,57,57,58,58,82,58,58,82,58,82,58,58,82,82,58,59,59,60,60,61,61,62,62,63,87,87,87,63,63,87,63,87,39
0,9,57,57,58,58,82,58,59,59,59,83,60,84,60,60,61,85,61,61,133,61,85,85,61,62,62,62,111,63,63,63,111,64,64,88,64,64,88,88,64,64,112,65,113,65,65,161,65,66,42
0,9,57,57,58,106,106,106,106,130,106,58,154,58,58,11,84,60,84,84,61,61,62,62,63,63,64,64,65,65,66,66,67,67,68,68,45
0,8,57,83,60,60,133,157,134,110,110,62,110,159,63,63,17,41,65,66,66,43
0,8,56,56,57,57,58,82,82,58,82,58,82,11,60,60,61,61,85,61,61,62,62,63,63,64,64,65,89,65,89,65,89,89,41
0,7,79,56,57,57,58,58,59,59,60,60,61,64,40
0,9,57,58,58,59,59,60,60,61,65,89,65,41
0,8,57,57,58,58,59,59,60,60,61,61,86,62,62,86,62,62,63,87,64,64,64,40
0,7,55,56,56,57,57,81,81,58,58,59,59,60,60,61,61,62,62,86,86,86,86,86,62,62,86,62,86,62,63,63,64,64,65,41
0,7,55,55,56,56,57,57,10,58,59,59,60,60,84,84,60,60,84,61,85,85,61,61,85,61,61,85,61,85,85,61,62,62,63,63,64,64,40
0,9,57,57,81,57,81,57,57,81,57,57,81,81,81,81,81,81,58,59,14,62,63,63,64,64,65,65,66,42
0,8,56,56,80,80,80,56,56,80,56,56,80,56,56,57,81,57,57,57,81,57,58,58,59,59,83,59,59,83,59,60,84,60,60,84,60,61,61,62,62,63,63,64,64,64,41
0,7,56,56,128,56,152,56,57,57,129,57,105,81,153,129,154,58,58,59,59,13,61,61,62,134,62,62,158,134,62,158,62,63,135,63,63,159,63,63,135,63,63,111,160,64,136,88,88,64,64,88,88,64,88,64,64,88,64,160,64,64,89,137,113,89,65,89,65,161,65,65,65,42
0,7,55,55,56,56,56,80,80,56,80,80,10,58,59,83,59,83,59,59,60,84,60,60,60,84,60,61,61,62,62,86,62,63,63,39
0,8,56,57,57,58,58,59,59,60,84,84,84,60,84,84,84,60,84,60,61,61,62,62,63,63,87,64,64,88,64,64,65,65,65,42
0,7,56,56,57,57,58,58,59,83,59,59,60,60,61,61,62,62,86,62,86,86,62,86,86,63,63,64,64,88,88,64,88,64,65,65,41
0,7,55,55,79,55,55,79,55,55,56,56,80,80,56,80,80,56,56,9,57,57,81,57,57,58,130,82,58,58,82,154,58,82,58,59,83,59,131,59,59,155,59,60,60,61,85,61,61,61,133,62,110,62,62,110,62,62,158,62,62,62,87,63,63,64,40
0,9,57,57,58,58,59,59,60,60,61,61,62,62,65,89,89,89,65,65,66,66,67,67,68,68,69,45
0,7,55,55,56,56,57,57,58,58,83,59,83,59,59,83,83,59,83,59,59,83,59,59,83,83,60,60,61,61,62,62,63,63,64,64,65,89,41
0,8,56,56,57,57,58,58,59,59,60,60,84,84,84,84,84,84,84,84,61,61,61,86,62,62,63,63,64,64,65,65,66,66,66,43
0,7,56,56,57,57,58,58,59,59,60,60,61,85,61,61,62,62,86,86,86,62,63,87,87,87,63,63,64,64,65,65,66,66,66,90,66,90,43
0,9,57,57,58,58,59,59,60,60,61,61,62,62,63,87,63,87,63,87,65,65,66,66,42
0,9,57,58,58,59,59,60,60,61,61,62,62,63,63,87,63,64,64,65,65,65,90,66,90,42
0,1,121,145,25,7,7,127,55,103,103,103,151,31,55,56,56,80,80,56,80,80,56,56,80,80,57,57,58,58,59,59,11,59,60,60,61,85,85,61,85,85,61,61,62,62,63,63,39,19,139,163,43,23,119,119,119,143,167,47
0,6,126,150,30,7,55,55,7,55,127,151,55,31,55,55,127,151,79,55,56,56,128,104,56,104,56,57,153,129,81,105,105,105,105,153,57,57,81,57,81,81,81,82,82,82,58,58,58,82,58,59,11,107,107,107,107,107,107,131,107,155,35,12,60,61,61,62,62,134,110,62,158,62,63,63,39,23,119,119,119,143,119,119,119,119,119,119,167,47
0,8,56,57,57,58,61,87,64,64,65,65,66,43
0,7,55,55,56,56,57,57,82,82,82,58,58,82,58,82,82,58,59,59,83,59,83,59,60,60,61,61,85,61,62,62,63,63,64,64,65,41
0,9,57,57,58,58,58,83,83,59,59,60,60,61,61,62,62,63,63,64,64,65,89,65,65,89,65,66,90,66,90,66,18,66,90,90,90,42,66,42
0,7,56,56,81,81,81,81,57,58,58,83,59,59,83,59,83,84,60,84,84,60,61,61,62,62,63,63,40
0,7,55,56,56,57,57,58,58,58,82,58,59,59,83,83,83,83,60,60,84,84,60,84,84,84,60,84,84,84,84,60,61,61,62,62,63,63,64,64,65,65,41,22,70,71,71
0,7,55,56,56,80,80,56,56,80,56,80,81,81,57,57,57,81,57,58,82,82,82,58,58,82,58,59,83,83,59,59,83,59,60,60,61,61,62,62,63,63,64,64,65,65,65,41
0,8,56,56,57,57,58,58,82,82,58,82,58,58,82,82,82,59,59,60,60,61,61,85,61,61,62,86,62,86,62,63,63,64,64,65,65,66,66,42
0,8,80,56,56,57,57,58,58,59,59,60,60,60,85,85,61,61,85,61,61,85,61,61,85,61,61,62,62,63,63,87,63,87,63,63,87,63,64,64,65,89,65,65,66,66,90,90,90,90,66,90,66,90,66,66,90,91,67,67,43
0,9,57,57,81,57,58,58,58,82,82,82,82,58,59,59,60,60,61,14,63,87,63,87,87,63,63,64,64,65,65,89,65,65,41
0,8,80,80,80,56,80,80,80,80,80,56,80,80,80,80,56,56,57,57,58,82,58,58,59,83,59,60,60,61,61,62,62,86,62,63,63,64,64,65,41
0,7,55,55,58,83,59,60,60,61,61,62,62,63,64,40
0,7,55,55,56,56,58,12,86,62,63,63,64,88,64,40
0,8,56,56,56,128,57,57,58,58,154,58,59,59,60,60,61,61,62,62,63,63,64,64,65,65,65,89,89,65,65,89,89,65,89,89,89,89,89,89,89,65,41
0,7,55,56,57,12,61,62,86,62,40
0,7,55,55,56,56,57,81,60,60,61,61,63,40
0,9,57,58,58,59,59,59,83,83,83,83,83,59,84,60,60,84,84,84,84,84,84,60,61,61,62,62,63,63,87,64,64,65,65,66,66,67,67,68,68,69,45
0,9,57,58,58,82,58,58,82,60,60,61,61,62,62,63,63,65,42
0,8,56,56,80,80,56,80,56,80,56,80,56,56,57,57,58,58,59,59,84,84,60,84,60,60,84,60,84,84,84,84,61,61,62,62,63,63,64,64,64,41
0,9,57,57,58,58,59,59,60,60,61,61,61,86,86,86,86,62,86,86,86,62,62,63,63,64,64,65,65,89,65,65,89,65,66,42
0,7,55,56,56,80,56,57,57,57,82,58,58,82,82,82,82,58,82,82,82,58,58,59,59,60,60,61,61,62,62,63,63,64,64,40
0,8,128,56,57,57,105,57,153,58,58,11,59,59,83,83,60,60,132,108,108,108,60,156,61,61,62,62,86,62,63,63,64,64,40
0,7,55,55,127,103,103,103,151,56,56,128,56,56,104,152,56,104,128,104,104,105,153,129,105,153,57,58,106,130,106,106,106,106,106,106,106,106,106,106,58,106,154,58,59,59,60,60,132,108,108,156,60,132,109,157,133,109,61,157,61,61,85,85,85,85,85,85,85,61,85,61,85,61,61,109,133,61,109,61,157,62,62,63,63,39
0,8,80,56,80,56,56,80,80,56,57,57,81,57,57,81,57,58,58,82,58,58,82,58,59,59,60,84,60,60,61,61,133,109,61,109,109,157,61,62,86,86,62,62,86,62,62,63,63,135,111,63,159,63,63,87,87,63,87,87,64,88,64,88,64,64,88,64,136,88,88,64,64,88,64,64,112,112,64,64,112,64,64,112,160,64,64,88,64,65,89,65,65,89,89,65,65,41
0,8,57,57,58,58,59,59,60,60,61,63,88,65,41
0,8,56,56,80,56,57,57,58,58,59,59,60,60,60,84,84,84,84,84,84,60,84,84,60,60,84,84,84,84,84,60,84,60,61,61,62,62,63,63,64,64,41
0,8,58,58,59,60,84,60,61,61,62,62,63,65,42
0,9,57,57,58,58,59,59,60,60,61,61,62,62,63,87,63,63,87,87,63,64,88,64,88,64,88,88,64,64,65,89,89,65,65,66,42
0,9,81,81,81,57,57,81,81,81,81,57,58,58,59,59,83,83,83,60,60,61,61,62,62,63,63,64,64,65,65,66,66,42
0,7,55,56,56,57,81,57,57,58,58,59,59,60,60,61,85,61,62,62,63,63,63,88,88,88,64,88,88,88,88,65,65,41
0,8,56,56,57,57,58,58,59,59,60,60,61,85,85,85,85,85,61,85,85,61,85,61,85,85,85,85,61,61,85,61,85,61,62,62,63,63,64,64,65,65,65,42
0,9,57,58,58,59,59,62,88,65,65,41
0,9,57,58,58,59,59,60,61,85,61,62,62,63,63,64,64,65,65,66,66,67,67,68,68,92,92,68,69,45
0,7,56,57,57,58,59,83,59,59,60,13,61,62,62,63,63,136,112,112,112,112,160,40
0,7,55,56,56,57,57,58,82,82,58,58,59,59,60,60,61,61,86,62,62,86,86,62,62,86,62,86,86,63,63,87,63,63,87,63,63,40
0,9,58,58,60,85,62,63,63,64,64,65,65,41
0,7,55,56,56,57,57,58,58,58,12,60,61,61,62,62,62,86,86,86,63,63,87,63,63,87,87,87,87,63,64,64,88,64,64,64,40
0,8,56,57,57,58,58,59,59,60,60,63,88,66,43
0,8,56,56,57,57,58,58,59,59,60,84,84,60,84,84,60,60,84,84,60,60,84,60,84,84,84,84,61,61,85,85,61,85,61,61,85,61,61,62,62,63,63,64,64,65,41
0,9,57,57,81,81,58,58,82,58,58,59,59,60,60,61,61,62,62,63,63,64,64,41
0,8,56,56,57,57,58,58,82,82,59,59,83,59,83,83,59,59,83,59,60,60,84,60,84,84,84,84,84,60,61,61,85,85,61,85,61,62,62,63,63,64,64,65,41
0,8,56,57,57,81,57,57,81,81,57,58,58,59,59,60,60,61,61,62,86,86,86,62,62,86,62,63,87,63,63,87,63,64,64,65,65,66,66,67,67,43
0,8,56,56,14,62,63,63,64,64,88,64,65,65,66,43
0,7,55,56,56,80,56,57,81,81,81,81,81,81,81,57,57,81,57,58,58,59,59,60,60,61,61,62,62,63,63,64,40
0,7,56,56,57,57,58,58,59,59,60,60,61,61,85,86,86,86,62,86,62,62,86,86,62,62,86,86,62,62,63,63,64,40
0,2,26,3,28,8,80,56,56,80,56,80,56,56,80,56,80,80,56,57,81,57,58,58,58,10,58,58,34,59,59,83,59,59,83,59,84,60,84,60,60,61,61,62,62,63,63,63,40
0,8,56,56,80,56,128,56,152,56,57,57,129,57,57,153,57,57,129,57,154,58,58,59,59,131,59,59,155,59,59,131,59,155,59,60,60,13,61,62,62,86,86,86,62,86,86,86,86,62,62,86,134,86,86,62,86,62,62,158,62,62,87,63,63,135,63,63,159,63,64,136,64,160,64,64,136,160,64,64,40
0,7,55,56,56,57,57,58,58,59,59,83,59,60,12,60,61,61,62,86,86,62,86,86,86,62,86,86,86,86,86,62,62,86,62,87,63,87,87,63,63,63,39
0,7,55,56,56,81,57,81,57,81,57,57,81,57,81,57,57,58,58,59,59,60,60,61,61,62,62,63,87,87,63,87,87,87,87,63,87,87,63,63,87,63,63,87,39
0,9,57,57,129,105,57,57,105,105,153,58,58,58,82,58,59,59,11,60,60,61,61,62,62,62,134,111,63,63,159,63,64,64,136,88,64,112,64,64,88,65,89,65,161,65,89,65,89,89,89,65,65,89,65,65,65,41
0,8,56,56,57,81,57,57,57,81,58,58,82,58,82,58,59,59,83,59,60,84,60,60,84,60,84,60,61,61,62,86,62,62,63,63,64,64,65,65,66,66,67,43
0,7,79,57,57,58,58,59,59,60,60,61,64,40
0,6,30,8,56,56,57,81,81,57,81,81,57,81,57,57,58,58,59,59,60,84,60,60,84,60,60,84,84,60,61,61,61,13,61,38,62,62,63,63,87,64,64,40,20,44
0,8,57,57,58,58,59,59,60,60,61,61,86,86,62,62,86,86,86,62,86,62,62,87,63,63,64,64,64,88,64,65,89,65,65,42
0,8,56,56,56,80,57,81,57,57,58,82,82,58,82,82,58,59,59,60,60,61,61,61,85,61,62,86,62,62,86,86,62,62,86,86,86,62,63,87,63,87,63,64,64,64,41
0,7,55,55,79,55,56,80,80,56,56,80,80,80,80,56,56,80,56,80,80,56,80,80,80,56,57,57,58,58,59,59,60,60,61,61,62,62,62,86,62,63,63,39
0,8,56,57,57,58,58,59,59,60,60,64,88,65,42
0,8,56,57,57,58,58,59,59,59,84,84,84,61,61,62,62,63,63,64,40
0,8,56,56,57,81,57,58,59,83,59,59,60,60,60,84,61,61,62,62,63,63,64,64,40
0,7,55,55,56,56,57,57,58,58,59,59,60,85,85,62,62,86,63,63,64,64,65,65,66,42
0,7,56,56,56,81,81,81,81,81,81,57,57,81,57,81,57,57,81,81,58,58,59,59,60,60,61,61,62,62,63,63,63,39
0,8,56,56,57,57,58,58,59,59,60,60,84,84,84,60,60,84,84,85,61,85,61,61,85,61,61,62,62,86,62,63,63,64,64,65,65,66,66,67,43
0,7,55,55,56,56,57,57,58,58,59,59,60,84,60,84,60,60,84,84,60,60,61,61,62,62,63,63,64,64,65,41
0,8,56,56,80,56,56,81,57,81,81,81,81,57,58,58,59,83,83,83,84,60,84,60,84,60,61,61,62,86,62,62,63,63,64,64,65,41
0,7,55,55,56,56,56,80,57,57,57,82,58,58,82,82,59,59,83,83,59,83,83,59,83,59,83,84,60,60,61,61,62,62,63,63,63,40
0,8,56,57,81,57,81,57,81,57,81,81,81,81,57,58,58,59,59,83,83,59,60,60,61,61,62,62,63,63,64,64,65,65,41
0,8,56,56,80,80,56,80,80,56,80,56,56,80,80,80,81,57,57,58,58,59,59,60,60,61,61,62,62,62,86,63,63,64,64,65,65,66,66,42
0,0,24,6,30,7,55,79,55,79,55,56,56,57,57,57,81,81,81,57,81,81,81,58,58,59,59,83,83,59,83,60,60,61,61,85,61,61,62,62,63,39,18,18,42,42,21,45
0,6,31,7,79,79,55,55,80,56,80,56,80,56,56,80,80,81,57,57,81,82,58,59,59,11,59,59,35,60,61,61,62,62,63,63,87,63,39,20,45
0,8,56,56,57,57,58,58,59,83,83,59,59,83,59,83,59,83,83,59,83,83,83,59,83,83,59,60,60,61,61,62,62,86,62,62,86,62,62,86,62,63,63,63,39
0,8,56,57,82,58,58,59,59,60,60,61,61,62,62,63,63,64,64,66,42
0,9,81,57,81,58,58,59,59,60,60,61,61,62,62,63,63,64,64,65,65,66,66,67,91,68,68,45
0,8,57,58,58,84,61,62,62,63,63,64,64,65,65,41
0,8,56,56,57,57,9,57,58,58,34,58,59,59,60,84,84,84,60,61,61,62,62,63,63,87,63,63,87,63,63,87,63,64,64,65,89,65,89,65,65,89,89,89,89,65,89,65,89,89,41
0,7,56,56,57,58,82,58,58,59,59,60,60,61,64,40
0,3,27,8,56,56,57,57,81,57,81,81,81,81,57,57,81,81,57,58,58,59,59,60,60,61,61,61,85,61,86,62,62,86,62,63,63,64,64,88,40
0,7,79,55,79,79,55,79,79,79,79,80,80,56,56,57,57,58,58,59,59,60,60,61,61,62,62,63,63,64,64,65,65,66,66,42
0,8,56,56,81,57,81,57,57,81,81,81,57,57,82,58,59,59,60,60,60,14,62,62,63,63,87,87,63,64,64,65,65,89,65,89,89,89,89,89,65,66,66,67,67,43
0,7,56,56,128,56,56,152,56,56,128,56,56,81,57,57,81,57,81,81,153,57,81,81,57,81,57,57,129,57,57,81,81,153,81,81,57,81,58,58,59,59,83,131,59,59,155,59,60,60,132,60,156,132,60,60,156,61,61,61,86,62,62,134,62,62,158,62,63,135,63,63,159,63,64,16,40,136,64,64,160,64,64,64,41
0,7,55,56,56,57,57,81,81,57,58,58,59,59,60,84,60,60,84,60,84,84,84,60,60,84,84,84,60,61,61,85,61,61,62,62,63,39
0,7,79,55,56,56,80,56,57,57,58,58,59,59,60,60,61,61,62,62,63,87,87,87,87,63,87,63,63,87,63,87,87,87,39
0,7,55,55,55,81,57,57,58,58,59,59,64,40
0,8,56,56,81,57,57,58,58,59,59,60,60,61,61,85,62,62,63,63,64,64,88,88,88,64,40
0,1,29,8,56,57,57,58,58,82,58,82,12,84,84,84,60,84,60,61,85,61,61,62,62,86,62,62,86,62,62,40
0,7,55,56,56,57,57,58,58,82,82,58,58,59,59,12,60,60,61,61,62,62,63,87,63,63,87,88,64,64,65,65,89,65,90,66,66,66,90,90,42
0,9,57,57,58,58,59,59,60,60,61,61,62,87,63,87,87,64,64,65,65,66,42
0,7,56,56,56,80,56,57,57,58,58,58,82,58,59,83,83,83,83,59,83,83,59,83,59,59,83,83,83,83,83,59,60,60,61,61,62,62,63,63,39
0,7,55,56,56,57,57,58,58,59,83,59,59,83,59,60,84,60,84,60,61,61,61,85,85,61,61,85,61,62,86,62,62,86,62,62,86,86,86,86,62,63,63,87,63,39
0,7,55,56,56,57,57,58,87,63,63,63,40
0,7,55,56,56,57,57,62,86,63,63,64,40
0,7,56,81,58,58,59,59,60,60,61,64,40
0,7,56,57,57,58,58,59,62,88,64,64,40
0,8,56,56,57,57,58,58,59,59,83,59,60,60,61,61,61,86,86,86,62,62,86,86,86,86,62,63,63,64,64,88,64,65,41
0,8,56,56,57,57,57,81,82,58,58,59,59,60,60,61,61,62,62,62,86,86,62,86,62,63,63,64,88,64,88,64,88,88,40
0,9,57,57,57,82,58,82,58,59,59,60,60,60,85,61,14,62,62,63,63,64,64,64,40
0,9,82,58,59,59,59,84,14,62,62,88,64,64,40
0,9,57,9,57,33,57,57,82,82,82,58,59,59,60,60,61,61,62,62,63,63,64,64,40
0,9,57,58,58,59,83,59,59,60,60,84,84,60,61,61,62,62,63,63,64,64,65,66,42
0,8,56,57,57,58,58,60,133,157,133,157,133,157,133,157,133,109,157,133,157,133,157,133,157,133,109,109,109,157,61,62,62,63,63,88,65,42
0,7,56,57,81,58,58,13,63,63,40
0,8,57,83,61,61,62,62,63,63,64,64,65,67,43
0,7,55,55,79,56,128,56,152,80,56,128,104,104,56,56,104,56,105,57,57,153,57,81,57,57,58,82,58,58,59,59,83,83,59,83,59,83,59,60,132,108,60,60,108,108,156,60,132,109,109,157,61,61,61,134,62,62,158,134,62,110,62,110,110,110,158,63,63,63,135,111,111,111,111,111,111,111,111,111,111,159,63,64,64,65,41
0,8,56,56,57,57,58,58,59,59,60,61,85,86,86,62,62,63,63,64,64,40
0,8,56,57,57,58,58,59,83,83,59,59,60,60,61,61,62,62,63,63,40
0,8,56,57,57,58,58,59,59,60,60,61,61,62,62,63,63,64,88,88,88,64,64,40
0,8,56,57,57,57,82,58,83,59,59,83,60,60,61,61,62,62,63,63,64,64,40
0,8,56,57,57,58,58,62,86,62,63,63,67,43
0,8,56,56,57,57,58,58,59,59,60,60,13,62,62,86,86,86,86,86,86,86,86,86,86,86,86,86,86,62,62,86,62,86,62,86,86,62,62,86,62,86,62,86,86,62,86,86,86,86,86,86,86,86,86,86,86,86,86,86,39
0,9,57,57,58,82,58,58,59,59,13,61,85,61,62,62,62,86,63,64,64,40
0,8,80,80,56,80,80,56,80,56,56,80,56,80,80,56,57,57,58,58,59,59,60,60,61,61,62,62,63,63,64,64,65,41
0,7,79,79,79,55,55,79,55,79,79,55,55,56,56,57,57,81,81,57,57,81,81,82,58,58,59,59,60,60,61,61,62,62,63,63,64,64,65,65,66,42
0,7,55,56,56,57,57,81,81,81,57,81,81,81,57,57,82,82,58,59,59,60,60,61,61,85,61,62,62,63,63,64,64,65,65,89,89,65,65,42
0,9,57,57,58,58,59,85,62,62,63,63,65,42
0,8,104,128,56,56,104,80,56,104,56,152,56,57,57,57,12,60,60,84,60,61,85,85,61,61,133,61,62,110,158,62,62,86,62,62,86,63,87,87,87,63,63,64,64,65,65,65,42
0,7,55,55,55,80,80,56,80,56,80,80,80,80,56,56,80,56,57,57,58,58,82,58,59,59,12,60,61,61,62,134,62,62,110,62,110,63,63,111,63,63,159,63,64,64,41
0,8,56,56,57,57,81,81,81,57,81,81,57,81,81,81,81,59,59,60,60,61,61,62,62,63,63,64,64,40
0,9,81,57,58,58,59,59,60,60,61,61,61,86,62,62,62,87,63,63,64,64,65,65,65,42
0,7,56,56,57,57,58,58,58,82,58,59,59,60,60,85,61,85,61,61,85,61,62,62,63,63,64,64,65,65,66,66,66,91,67,91,91,91,91,43
0,7,55,56,56,57,81,57,57,58,58,58,83,59,83,59,60,60,61,61,62,62,63,63,87,87,87,88,64,64,88,64,64,88,64,64,65,65,41
0,7,55,56,56,57,57,58,58,59,59,60,60,84,60,61,85,61,85,61,61,85,85,85,85,61,85,61,85,61,61,85,86,62,86,62,62,63,63,64,64,65,65,89,65,65,89,89,65,65,41
0,7,56,56,57,57,57,10,82,82,82,82,58,58,82,58,82,82,58,82,82,58,58,83,59,59,83,59,83,83,59,59,60,60,61,61,62,62,63,63,39
0,8,56,56,80,128,80,56,152,56,80,56,128,80,80,80,80,80,152,57,57,58,58,59,59,60,60,132,156,132,156,60,60,132,156,60,132,156,60,61,61,62,62,63,63,63,88,88,88,64,88,88,64,88,88,64,136,160,64,64,136,64,160,136,160,64,41
0,7,55,55,56,56,57,58,82,60,60,61,62,40
0,8,56,56,80,56,56,57,57,58,58,59,83,59,60,60,60,84,60,61,61,62,62,63,63,64,88,64,64,65,65,66,90,90,90,66,90,90,66,66,66,43
0,8,56,56,80,56,56,57,57,58,58,59,59,83,83,83,83,83,83,83,59,83,83,83,83,59,60,60,61,61,62,62,63,63,64,88,64,64,88,64,64,88,64,65,65,41
0,7,55,56,56,57,82,58,58,59,59,60,60,63,40
0,7,55,55,56,56,57,57,58,58,59,59,60,60,61,61,85,86,62,62,86,62,62,86,63,63,87,63,63,87,63,64,88,88,64,64,88,64,64,65,41
0,7,55,56,56,57,57,57,81,57,81,81,81,57,81,58,58,83,59,83,83,83,59,59,60,60,61,61,62,62,63,63,64,64,65,41
0,7,56,56,57,57,81,81,81,57,57,82,58,58,82,58,58,82,58,82,58,82,58,58,82,58,58,83,59,59,83,59,59,60,60,61,61,62,62,62,39
0,7,56,56,57,58,11,83,60,60,108,132,156,62,63,63,40
0,7,79,79,55,56,80,56,56,80,80,80,56,80,80,56,56,80,56,56,80,56,56,80,56,57,13,61,61,62,62,63,63,64,64,40
0,7,79,55,55,79,79,55,56,56,57,57,81,57,57,11,59,60,60,61,61,62,62,86,86,86,86,86,62,63,87,87,63,63,87,63,63,87,63,87,63,63,87,63,87,63,63,39
0,7,55,55,55,80,56,56,80,58,59,59,12,60,61,61,62,135,63,64,64,161,65,65,66,42
0,8,56,56,81,57,58,58,59,59,60,60,61,61,62,62,63,63,64,64,88,64,88,40
0,7,55,55,56,56,80,56,57,57,58,58,82,58,58,82,59,59,60,60,60,84,85,61,61,85,61,85,85,85,85,85,61,61,62,62,63,63,64,64,65,65,41
0,8,56,56,128,56,56,104,56,57,105,57,57,105,81,57,57,81,153,57,57,130,106,58,82,58,82,58,58,154,130,82,58,58,82,58,106,58,106,59,155,59,83,59,59,131,59,59,107,107,107,59,59,107,59,107,59,59,155,59,60,60,61,61,133,109,61,109,61,61,157,61,61,109,133,157,62,62,86,86,86,62,62,86,86,86,86,62,62,86,86,62,63,63,111,135,63,111,63,111,111,63,63,111,111,111,63,111,159,63,64,64,64,41
0,8,56,56,57,57,58,58,59,59,60,60,61,61,62,62,87,87,63,63,87,63,63,40
0,8,56,56,57,57,81,81,83,83,83,59,59,60,60,61,61,62,62,87,87,63,63,87,64,64,40
0,8,80,80,80,56,56,80,56,56,80,56,56,80,80,56,80,80,56,57,57,58,58,59,59,60,60,61,61,62,62,63,63,64,64,65,41
0,7,56,56,57,57,82,82,58,58,82,58,58,59,59,60,60,61,61,62,62,63,63,64,64,65,65,66,42
0,7,56,56,57,57,9,57,58,58,58,82,58,59,59,60,84,84,84,84,84,60,84,60,84,60,84,84,84,84,84,84,60,60,61,61,133,61,157,61,62,62,63,63,135,64,64,160,65,65,65,41
0,8,81,57,57,58,58,82,60,60,61,61,86,62,62,63,63,64,64,40
0,0,24,7,55,56,56,57,57,58,58,83,83,83,59,83,83,83,83,59,59,83,83,83,83,83,84,84,13,61,62,63,87,63,63,40
0,8,56,57,57,58,60,13,86,62,63,63,64,64,65,66,42
0,8,56,57,57,58,58,59,59,60,60,61,61,62,62,63,63,64,64,88,64,88,64,88,88,88,88,64,88,88,64,65,65,66,66,67,91,67,67,43
0,8,57,58,58,59,59,60,60,61,62,87,64,65,65,42
0,8,56,57,57,58,58,61,86,63,64,64,66,42
0,7,55,56,56,57,57,58,58,61,87,63,63,40
0,8,128,105,105,57,57,105,105,105,57,57,106,58,106,58,154,58,58,11,83,60,84,60,60,36,61,61,62,62,63,63,65,89,65,66,66,42
0,8,56,56,57,57,58,58,59,59,59,83,83,59,59,83,83,84,84,84,84,84,84,84,60,60,61,61,62,62,63,63,64,64,65,65,65,41
0,8,56,57,57,81,81,81,57,81,81,57,58,82,58,82,82,82,82,58,82,58,58,59,59,60,60,60,14,62,62,63,63,64,64,65,65,66,66,67,67,91,67,67,91,67,91,67,68,68,44
0,8,56,57,57,81,57,81,57,58,58,59,59,60,12,60,61,61,62,62,86,86,86,62,86,86,62,86,86,86,63,87,87,63,63,64,64,65,65,66,66,66,90,66,90,66,67,67,68,44
0,7,55,55,56,56,128,56,56,152,56,57,129,57,57,105,153,57,58,10,82,59,59,83,83,59,59,83,59,83,59,59,84,60,60,61,109,133,157,61,62,62,62,135,111,63,63,111,63,159,63,63,39
0,7,55,55,55,79,56,56,56,80,56,57,57,81,57,57,81,57,58,58,59,59,60,60,60,85,85,85,61,61,85,85,61,62,62,63,63,64,64,65,41
0,9,57,57,58,58,60,85,14,63,63,64,64,65,42
0,9,57,57,58,58,58,83,59,13,62,62,15,63,40,65,41
0,8,80,80,56,80,56,56,80,80,80,56,57,57,58,58,58,82,58,82,58,59,59,60,60,61,61,62,86,62,63,63,64,64,65,65,41
0,7,55,55,56,56,57,57,81,57,81,81,81,81,81,57,58,58,59,59,83,59,59,83,59,59,83,59,60,60,61,61,62,62,63,63,64,40
0,7,79,56,80,80,80,80,80,56,56,80,80,56,56,57,81,57,57,81,57,57,58,82,58,58,13,62,63,63,64,64,65,65,17,41,65,41
0,9,57,57,58,58,60,85,61,61,62,62,64,41
0,8,56,56,57,57,58,58,59,59,60,84,60,84,60,61,61,62,62,63,63,64,64,65,65,65,89,89,89,65,89,65,89,65,89,65,89,89,89,41
0,7,55,56,56,104,104,128,104,104,152,56,57,81,57,81,57,81,57,57,82,58,58,82,58,58,12,60,60,133,61,61,109,61,61,109,109,61,109,109,61,61,157,62,62,86,62,63,63,63,87,63,64,88,64,64,65,65,113,113,113,113,137,113,113,65,113,113,113,113,65,113,65,113,161,65,65,41
0,7,127,151,55,55,128,56,104,56,56,104,56,56,104,104,56,104,56,57,153,57,57,57,82,58,82,82,58,59,83,83,83,83,83,83,59,59,131,59,107,59,59,83,59,107,83,107,107,59,107,59,59,84,60,108,60,84,84,60,84,60,60,156,60,132,156,60,60,61,61,62,62,134,159,135,111,111,111,63,63,159,63,64,64,136,112,64,112,112,112,160,136,64,112,113,113,161,65,65,41
0,8,56,57,57,82,59,60,60,61,61,62,62,64,42
0,9,57,57,58,58,64,89,65,66,42
0,8,80,80,56,80,56,80,56,56,80,56,57,57,58,58,59,59,83,59,83,59,60,60,61,61,85,61,62,62,86,63,63,64,64,65,65,66,66,67,43
0,9,57,57,81,81,81,57,82,82,58,82,58,58,59,59,60,60,61,61,62,62,63,63,87,63,64,88,64,64,65,65,66,66,67,67,67,92,68,68,69,69,45
0,7,56,56,57,81,58,59,59,60,60,61,64,41
0,8,56,56,57,57,58,58,59,59,60,12,60,36,60,61,61,62,62,62,86,86,87,87,87,87,63,87,63,87,87,87,87,63,63,64,40
0,3,27,8,56,56,57,57,58,58,59,83,83,59,83,83,59,60,84,60,60,84,84,84,60,60,84,60,61,61,62,62,63,87,63,63,87,63,64,64,40,22,22,47,47
0,6,30,8,56,56,80,80,80,56,57,57,81,58,82,58,58,82,82,58,59,59,83,59,60,60,61,61,86,86,62,86,62,62,63,63,64,64,40,17,41,21,45
0,9,58,58,59,83,60,60,61,61,85,61,62,62,63,63,64,64,65,65,66,90,67,68,68,69,69,45
0,7,55,55,79,79,79,79,79,79,79,79,79,55,55,79,55,79,55,79,79,79,79,55,79,55,56,56,57,57,57,81,82,58,58,59,59,60,60,61,61,85,61,62,62,39
0,8,56,57,57,129,105,105,105,105,58,58,154,130,106,106,106,58,154,59,59,60,60,61,61,62,62,63,63,64,64,40
0,7,56,56,57,57,58,58,58,10,82,82,82,82,82,58,82,82,58,82,82,82,82,34,59,60,84,61,61,62,62,63,63,39
0,7,55,56,56,80,56,57,81,57,57,58,58,59,83,59,59,83,83,60,60,60,85,85,61,61,85,61,62,86,62,62,63,63,39
0,7,56,56,57,57,57,130,106,58,106,58,58,106,58,82,58,154,58,59,131,59,107,59,107,155,59,60,108,108,108,108,108,108,108,108,108,108,132,156,60,60,84,84,60,60,84,60,60,85,85,85,61,85,61,85,61,85,61,85,61,85,61,85,85,61,133,157,61,61,133,61,109,61,61,109,109,109,157,62,62,63,63,135,63,159,63,64,136,112,64,112,64,112,160,64,64,136,64,112,112,112,64,65,161,65,65,137,113,65,65,113,65,161,65,66,42
0,8,56,56,57,57,58,130,106,106,106,106,106,58,106,106,106,106,106,106,106,154,58,58,12,60,61,61,62,62,63,63,64,64,65,65,89,65,89,65,65,89,65,65,89,65,65,89,65,65,89,89,89,65,65,89,41
0,7,55,55,79,55,55,56,56,57,57,58,82,58,82,82,82,58,58,82,58,58,82,58,82,82,82,12,60,60,84,60,60,84,60,61,61,85,61,62,86,62,62,63,63,64,64,65,41
0,8,56,57,57,60,84,62,63,63,64,64,66,42
0,8,57,57,83,61,62,62,63,63,64,64,65,67,43
2,8,56,56,57,57,58,82,82,82,82,82,82,58,58,59,131,59,59,83,59,83,59,60,156,60,60,61,61,62,62,86,62,63,135,63,63,159,63,64,136,64,65,65,161,65,65,41
2,8,80,56,56,80,56,57,57,58,58,59,59,83,59,60,60,61,61,62,134,62,63,87,63,63,159,63,63,64,64,88,64,88,88,88,88,89,65,65,89,65,65,41
2,8,56,80,128,80,56,80,56,80,56,56,80,80,56,57,81,153,57,58,58,82,59,59,131,155,59,60,60,84,60,61,61,62,62,63,63,64,64,65,65,41
2,8,56,56,57,57,81,81,81,81,81,81,81,57,58,58,130,58,58,155,59,59,60,60,60,85,85,61,61,62,62,134,63,63,159,63,64,64,65,65,65,41
2,7,55,56,56,80,56,57,129,105,105,57,57,153,57,58,58,59,59,131,59,155,59,60,60,85,61,85,61,61,61,85,86,62,86,86,62,62,63,63,63,87,64,64,65,65,89,89,89,65,66,66,42
2,8,56,56,57,57,58,58,59,131,107,107,107,107,59,107,59,155,59,60,60,61,61,62,62,86,86,86,62,63,87,87,87,63,63,64,88,64,64,64,88,88,64,65,65,41
2,8,56,56,57,57,58,58,59,83,59,59,60,60,85,61,61,85,61,62,62,63,87,63,63,64,64,64,88,64,88,89,65,89,65,89,89,65,65,89,65,89,65,65,41
2,8,80,56,56,80,56,56,57,57,58,58,58,131,107,59,59,108,60,60,61,61,157,61,61,62,62,134,110,110,111,159,63,63,64,64,88,88,88,64,88,88,88,88,64,65,65,65,41
2,8,56,56,80,56,80,56,56,80,56,57,57,81,57,129,57,58,58,106,58,58,106,58,59,155,59,60,60,61,61,62,62,63,63,64,64,64,89,65,65,66,90,90,90,90,90,90,42
2,8,56,56,80,56,57,57,81,57,81,57,58,58,59,131,107,155,59,59,83,59,60,60,61,61,134,62,62,110,62,62,158,62,86,62,62,86,63,63,87,63,87,87,63,64,64,88,64,65,65,41
2,8,56,56,57,57,58,58,59,59,60,60,61,61,62,62,86,134,62,158,62,63,87,87,87,63,63,87,63,63,87,87,63,87,63,64,64,65,65,89,65,65,65,41
2,8,56,56,80,80,56,57,81,57,129,57,57,81,153,57,81,57,57,82,58,58,82,58,58,59,59,83,60,60,84,60,60,61,61,62,62,134,62,63,63,159,63,64,64,65,65,65,42
2,8,56,56,80,56,56,80,56,56,80,56,80,80,56,80,80,80,56,57,57,58,58,59,59,60,132,156,61,61,62,62,62,135,159,63,64,64,65,65,89,65,65,41
2,7,55,56,56,57,57,58,82,58,58,59,59,60,60,84,84,60,84,60,60,84,85,61,61,85,61,85,61,61,85,61,61,62,62,63,63,135,111,111,63,159,63,64,64,65,65,41
2,8,56,56,80,80,56,80,56,80,57,57,58,58,59,59,83,59,60,60,61,61,61,109,133,61,110,62,110,62,62,158,62,63,63,64,64,65,65,89,65,65,89,65,89,65,89,65,41
2,7,55,56,56,128,56,104,152,56,57,81,57,81,81,81,81,57,57,129,58,58,82,82,82,58,58,106,58,58,154,58,59,59,131,155,59,60,60,61,61,109,133,109,109,61,61,157,86,62,62,134,62,63,63,159,135,159,63,63,64,64,136,112,112,88,161,65,66,66,42
2,7,55,55,127,55,55,104,152,56,56,56,104,128,57,57,58,58,58,106,154,58,58,131,59,59,107,59,155,59,84,84,60,60,84,60,60,61,61,134,110,62,63,63,111,63,63,111,63,63,159,64,64,136,160,64,88,64,64,65,65,90,66,66,90,90,90,90,42
2,7,56,56,128,104,56,57,153,129,57,57,105,57,153,57,57,58,58,82,82,58,59,59,83,59,83,83,59,59,84,60,60,84,60,60,61,85,61,133,61,62,110,62,62,86,62,62,158,62,63,63,64,136,112,160,64,64,136,64,113,113,65,65,113,113,65,65,113,161,65,65,41
2,7,55,56,128,80,104,152,56,128,56,104,152,56,128,152,80,57,57,57,82,58,58,82,58,58,82,82,82,83,59,60,60,61,61,62,62,63,63,63,111,135,64,160,136,160,136,64,112,64,160,64,64,88,64,65,65,66,42
2,7,56,56,56,104,104,104,128,152,56,57,129,57,153,57,58,58,106,130,154,58,59,59,131,107,155,59,60,60,84,60,60,84,84,84,84,60,60,84,132,60,61,109,61,61,157,61,62,62,63,63,64,64,136,88,65,89,65,65,161,65,65,65,42
2,7,56,56,56,81,57,57,58,58,82,82,82,130,106,155,131,59,155,59,59,131,59,59,107,59,155,131,155,59,131,107,59,107,155,84,60,61,61,62,62,134,110,110,158,62,62,134,158,63,63,64,64,88,64,88,65,65,89,89,89,65,65,66,42
2,7,79,79,128,56,56,80,56,152,56,56,128,56,56,153,57,57,58,58,58,130,106,106,106,106,154,59,59,60,60,61,61,61,133,86,62,86,110,62,62,86,62,62,158,134,62,159,63,63,87,135,63,111,63,160,64,64,65,89,65,65,89,65,66,66,42
2,8,56,80,56,80,56,56,128,56,80,104,104,80,80,80,152,56,56,80,56,80,56,56,80,57,57,58,58,130,58,154,58,58,130,154,58,130,59,59,107,59,59,107,59,59,107,155,59,60,60,61,61,62,62,63,135,111,111,111,159,63,64,136,64,160,64,64,65,65,42
2,8,56,56,56,128,152,56,57,57,58,130,154,58,59,59,83,83,83,83,59,83,59,83,83,83,83,59,60,132,60,60,157,61,61,62,62,134,110,110,110,62,110,158,62,63,135,63,63,159,64,136,64,64,112,160,65,65,65,41
2,7,128,56,104,56,152,56,56,57,57,58,58,58,82,58,82,58,82,82,59,59,59,131,60,108,60,108,108,60,108,156,60,60,84,84,60,61,85,109,61,133,157,61,85,61,62,134,110,62,62,158,62,63,87,63,63,64,136,64,65,113,65,161,65,65,137,161,65,66,42
2,7,128,152,104,128,104,152,128,80,152,56,56,128,56,104,56,104,104,56,152,128,80,56,56,104,104,104,152,104,128,152,57,57,58,58,82,85,61,62,62,63,63,64,64,65,65,89,89,65,89,65,89,65,65,89,42
2,9,57,57,58,58,82,58,59,131,59,107,59,59,107,107,107,107,59,155,59,60,60,61,61,62,62,63,63,64,88,88,64,64,88,64,64,88,64,89,65,65,89,65,66,90,66,42
2,9,57,57,81,81,81,57,57,82,82,58,58,130,106,154,58,58,82,58,59,59,59,83,59,59,84,60,60,61,61,62,134,62,62,63,63,111,63,64,160,64,64,65,65,89,65,66,42
2,9,57,57,58,58,130,58,154,59,59,59,83,59,60,60,61,85,133,85,157,61,61,85,85,61,61,86,62,63,87,63,63,64,64,65,65,66,66,42
2,9,57,57,58,58,59,59,59,84,84,60,84,84,84,84,84,84,84,60,60,132,60,61,61,109,61,62,110,62,62,110,62,110,159,63,63,87,64,64,65,65,66,42
2,9,57,57,57,81,130,58,58,59,155,83,59,59,83,59,60,60,84,60,132,60,60,156,84,61,61,62,62,62,86,86,62,63,87,63,87,135,63,159,63,64,64,65,137,65,65,65,161,65,66,42
2,9,57,57,58,130,58,106,58,58,154,58,58,82,58,59,59,60,84,84,84,84,60,84,84,84,84,60,61,61,62,62,135,63,111,63,63,159,63,64,64,64,136,112,112,112,160,64,65,65,66,66,42
2,9,57,57,58,82,58,58,82,58,59,83,59,60,60,60,132,60,61,157,61,85,61,61,85,85,61,133,85,85,61,62,158,62,63,63,87,63,64,64,64,88,64,65,89,65,65,65,42
2,9,57,57,81,57,58,58,82,58,58,82,58,58,82,82,82,82,58,82,82,59,59,60,60,61,61,62,62,63,63,64,64,65,65,65,137,113,113,65,65,162,66,66,42
2,9,130,58,59,59,83,59,60,60,85,61,85,61,61,85,85,61,61,85,61,61,62,86,62,86,62,63,159,63,87,64,64,65,65,42
2,9,105,129,153,129,57,57,153,129,57,105,153,58,58,59,59,83,59,60,60,61,61,85,85,61,85,85,85,85,61,85,61,61,85,61,61,86,62,63,63,64,64,88,64,65,65,66,42
2,9,81,81,57,57,81,57,57,81,81,81,57,81,57,57,57,82,58,58,59,59,60,60,132,60,60,108,108,156,61,61,133,61,109,61,157,62,62,63,63,63,87,63,64,64,65,65,66,66,42
2,9,57,57,81,57,58,58,82,58,58,58,82,82,58,83,83,59,59,83,59,59,60,60,61,61,62,62,63,87,87,63,64,64,136,64,65,65,65,161,65,66,42
2,9,57,58,82,58,58,82,58,82,58,82,82,82,58,58,82,130,106,106,58,58,106,106,106,154,58,59,59,60,60,61,61,62,86,62,62,63,63,63,87,63,64,64,65,65,66,42
2,9,57,57,58,58,59,59,60,60,61,61,133,61,157,61,62,62,86,62,63,63,64,64,65,89,89,89,89,65,65,89,65,65,89,65,65,89,65,89,65,66,90,66,42
2,9,57,57,81,81,57,57,81,81,81,81,57,58,58,59,83,59,83,59,59,60,84,60,60,132,61,61,157,61,61,62,62,63,63,87,63,64,64,88,64,65,89,65,66,42
2,9,57,57,58,130,58,154,58,58,59,59,83,59,83,83,60,84,84,84,84,60,60,60,84,60,84,60,61,61,61,134,62,62,158,134,62,62,63,63,63,159,63,64,136,64,64,65,161,65,65,66,42
2,9,57,57,58,130,58,58,106,58,154,58,59,59,60,61,86,62,62,86,62,62,86,62,87,63,87,135,63,64,160,64,64,65,89,137,65,65,89,65,65,89,65,65,89,161,66,66,42
2,9,57,57,81,57,58,58,130,58,58,106,106,106,106,58,59,155,59,60,60,61,61,62,62,62,134,110,62,158,63,63,64,64,88,88,64,65,65,89,65,65,89,89,65,65,89,90,90,90,66,90,90,66,42
2,9,57,57,58,58,59,59,60,60,132,108,108,108,60,156,60,61,61,61,85,61,62,62,63,63,64,64,89,89,65,65,89,89,137,89,65,113,65,89,89,113,161,65,66,90,66,42
2,9,57,57,58,58,130,58,58,106,106,106,154,58,59,59,60,60,61,61,61,134,62,62,111,63,63,111,63,63,159,63,64,64,65,65,66,42
2,9,57,57,129,57,57,81,58,58,82,58,58,154,58,59,131,107,83,59,83,59,83,83,59,59,155,83,59,60,132,108,156,60,60,61,61,85,61,62,63,135,63,63,111,63,159,63,64,64,65,89,65,65,66,42
2,9,57,57,58,58,59,131,107,59,59,107,107,155,59,59,83,59,60,132,156,60,61,85,61,61,133,157,62,62,134,62,62,110,110,62,158,63,63,135,63,64,64,160,64,88,65,89,65,89,65,89,65,65,89,65,89,89,65,66,66,42
2,9,57,57,57,129,57,58,106,58,58,106,82,154,58,130,58,58,82,82,58,59,155,59,59,60,60,60,84,61,61,85,61,133,85,109,109,109,61,157,61,62,86,62,86,62,62,86,134,110,62,62,110,62,159,63,63,135,63,159,64,64,65,65,137,65,65,113,65,66,162,42
2,9,57,58,58,59,59,107,59,131,59,59,155,59,107,107,59,131,59,59,155,107,131,155,131,108,156,60,60,132,60,156,108,60,132,108,108,156,132,156,61,62,86,86,63,87,63,63,63,88,64,64,88,64,65,89,90,42
2,9,57,57,81,57,58,58,58,130,58,59,155,59,59,60,60,61,61,62,62,63,87,63,63,135,63,64,64,88,64,64,88,65,65,89,89,89,89,161,89,89,66,66,42
2,9,57,57,129,105,105,105,105,57,57,153,57,58,58,59,59,60,60,132,156,133,109,61,61,109,61,61,157,61,62,62,63,63,63,135,63,63,111,87,88,64,64,112,64,64,160,136,160,64,65,65,66,90,66,90,66,66,90,66,90,90,90,90,42
2,9,57,57,58,58,59,83,83,59,59,83,60,60,132,84,60,108,60,84,108,60,84,60,84,108,156,60,132,60,61,109,61,109,157,61,61,133,61,61,157,61,62,62,63,63,64,64,136,160,136,64,112,65,65,65,89,89,65,65,113,161,65,66,42
2,9,57,57,129,81,81,153,81,57,58,58,82,58,82,58,58,82,59,59,131,59,155,59,59,60,84,60,132,60,60,108,60,84,156,60,84,60,60,132,61,61,157,61,62,62,134,62,62,158,62,63,63,135,111,111,159,63,64,64,64,137,65,65,161,65,65,66,42
2,9,57,57,58,130,58,82,82,58,59,59,107,107,155,132,60,108,60,60,157,61,61,62,87,63,63,64,64,65,65,66,66,67,67,68,68,68,45
2,9,57,57,130,58,154,58,58,59,131,59,60,60,156,60,61,61,133,62,158,86,63,63,64,64,65,65,66,67,139,91,163,67,68,68,68,92,68,69,45
2,9,57,57,58,58,59,59,60,60,61,61,62,62,63,63,64,64,65,65,89,66,66,67,67,91,91,67,68,68,69,45
2,9,57,57,58,58,131,156,60,60,61,61,62,86,62,62,63,135,63,111,159,63,64,64,64,137,66,66,162,66,66,67,91,67,92,92,68,68,69,45
2,9,57,57,58,58,130,106,155,59,60,60,61,62,86,62,86,62,134,110,110,110,110,159,63,63,64,64,65,65,66,66,67,67,68,92,68,69,45
2,9,57,57,58,58,59,59,60,60,61,85,85,61,62,62,63,63,64,64,136,65,65,65,162,66,66,67,67,91,68,68,69,45
2,9,57,81,57,58,58,59,59,60,60,61,61,85,134,62,159,63,64,64,65,65,113,137,113,113,65,113,162,66,66,67,67,68,68,93,93,93,45
2,9,57,57,58,58,59,59,60,60,132,61,109,85,61,62,62,62,158,63,135,64,64,161,65,66,66,67,91,67,67,92,68,69,69,45
2,9,57,57,130,106,58,58,82,59,83,59,59,60,84,60,156,61,61,62,62,63,63,64,64,65,65,66,66,67,67,68,68,69,45
2,9,57,57,58,58,82,130,107,155,59,59,60,60,132,60,61,157,62,87,63,63,87,87,64,64,65,65,65,90,66,66,66,139,115,115,115,163,67,68,68,69,45
2,9,57,57,57,82,58,58,59,131,59,155,60,60,60,133,157,61,62,62,63,63,87,63,87,64,65,65,66,66,67,67,68,68,68,45
2,9,57,57,58,58,59,131,59,59,155,60,60,61,61,61,86,86,62,110,134,110,110,110,110,158,86,62,63,63,135,63,160,64,64,65,65,66,66,67,67,68,69,45
2,9,57,58,58,59,59,60,60,61,62,87,63,63,87,87,135,63,64,160,136,64,112,112,65,113,65,161,65,66,66,67,67,68,68,45
2,9,57,57,58,131,107,59,155,59,84,61,61,133,61,110,62,62,158,63,63,87,64,64,88,89,65,65,66,66,67,68,140,116,68,116,68,68,116,164,68,68,92,69,45
2,9,81,129,105,105,57,105,57,154,58,58,130,58,106,106,154,58,59,59,60,60,84,84,61,61,62,62,63,63,64,64,65,65,66,66,67,67,68,68,92,68,92,68,92,45
2,9,129,105,105,58,58,106,106,60,61,61,62,86,62,63,63,63,88,64,88,64,65,65,65,138,115,163,67,67,68,68,68,45
2,9,57,57,58,58,59,131,59,155,59,60,60,61,61,133,158,86,62,62,62,135,63,159,64,64,65,65,65,89,89,66,67,67,68,68,69,45
2,9,57,57,58,82,58,59,107,131,107,59,107,107,107,155,60,60,61,61,62,62,63,63,64,64,65,65,66,66,67,67,68,92,92,45
2,9,57,57,58,58,131,59,59,60,156,60,61,61,62,62,63,63,64,64,136,64,64,161,65,90,66,66,67,67,67,92,92,68,45
2,9,57,58,58,59,59,83,131,156,60,61,61,62,134,62,63,63,159,63,88,88,64,64,65,65,66,139,67,67,163,67,68,68,69,45
2,9,57,57,58,58,59,84,60,60,61,61,62,87,63,63,63,87,64,64,65,65,66,66,67,67,139,67,67,116,68,164,68,45
2,9,57,58,58,58,130,59,107,155,59,59,132,60,60,108,61,157,62,62,135,63,64,112,160,65,65,66,66,138,66,114,162,67,67,92,140,116,116,116,92,116,164,68,69,69,93,45
2,9,81,57,130,154,58,58,58,130,59,59,59,108,156,61,61,61,86,86,62,62,63,135,63,63,160,136,112,161,137,161,66,66,138,114,114,115,163,67,67,68,45
2,9,57,57,58,58,59,83,59,60,60,61,61,134,110,62,110,63,87,111,159,64,137,161,65,66,66,67,91,67,91,68,69,45
2,9,57,57,129,105,105,153,58,58,59,132,60,156,84,60,133,109,109,157,61,134,158,62,134,159,63,64,64,65,65,66,66,67,67,91,91,67,139,163,67,68,68,45
2,9,57,57,58,58,58,130,155,59,59,131,59,60,60,156,133,157,133,61,62,62,158,135,63,111,63,111,111,64,160,88,64,64,89,65,65,66,66,67,67,91,67,140,68,68,116,164,69,69,45
2,9,57,58,58,59,59,60,60,61,61,62,62,63,135,159,136,64,112,64,112,112,160,137,65,113,113,113,161,65,66,66,90,90,66,66,90,139,115,115,163,139,115,115,164,68,69,45
2,9,57,57,129,57,105,106,106,154,58,130,154,59,59,59,132,60,60,60,109,157,133,157,62,62,63,63,135,63,160,136,160,65,65,66,66,92,92,68,140,164,93,69,69,45
1,7,127,55,151,55,31,8,56,80,57,58,58,59,59,60,60,61,61,66,43
2,7,55,55,79,79,55,56,80,56,56,80,56,57,57,58,58,59,59,59,83,83,59,83,60,60,61,61,61,85,85,61,61,85,61,62,62,134,111,159,63,135,111,63,159,135,159,63,63,135,159,63,63,135,159,135,63,63,111,63,63,159,63,63,135,159,64,64,40
3,8,56,56,80,56,56,80,56,57,57,58,58,59,59,59,84,60,60,84,60,60,61,61,85,61,61,85,85,61,62,86,62,86,62,86,62,62,63,63,64,88,88,88,64,64,88,64,88,88,40
3,8,56,56,57,57,58,58,59,83,59,59,60,60,84,60,60,84,84,84,60,61,85,61,85,61,61,86,62,62,86,62,62,86,62,62,87,63,63,87,63,63,87,63,87,63,64,64,40,19,92,44
1,9,57,57,58,58,59,59,60,60,61,61,62,87,63,64,64,88,64,88,64,64,40,21,70,70,142,70,166,70,70,46
1,9,57,57,58,58,59,59,60,60,61,61,61,85,86,62,62,63,63,64,64,88,64,64,41,23,143,71,167,71
1,25,9,57,57,58,82,58,59,59,60,60,61,61,62,62,63,63,63,88,88,64,65,41
2,7,55,56,56,57,57,57,130,58,58,154,58,59,59,60,60,60,132,156,60,61,61,62,62,63,63,87,63,63,87,87,63,63,87,63,88,64,64,88,64,64,88,64,64,88,88,64,88,88,88,88,64,65,41
2,8,56,56,80,80,56,56,80,56,56,81,57,57,81,81,81,81,57,81,57,58,58,59,59,60,60,84,60,60,84,60,61,61,61,85,61,85,61,133,109,61,62,158,62,62,63,63,63,135,63,64,112,64,64,160,64,64,40
2,8,56,56,57,57,58,58,59,59,83,59,59,83,83,59,60,60,132,60,84,60,60,108,60,60,85,61,61,85,61,85,61,85,109,62,62,86,62,62,86,86,62,158,62,62,86,86,62,63,63,64,64,88,65,65,41
2,8,56,80,56,56,80,56,57,57,58,58,82,82,82,82,58,82,82,82,58,58,130,58,106,107,59,107,59,59,155,59,59,60,60,61,61,62,62,63,63,87,63,87,87,87,87,63,64,64,64,40
2,7,55,56,56,128,104,152,56,80,56,80,81,57,57,81,57,81,57,57,81,81,57,81,57,57,81,57,57,81,57,57,81,81,81,58,58,130,58,58,154,59,59,59,132,60,60,108,60,108,60,156,60,61,61,62,62,63,63,64,64,64,88,65,41
2,8,56,56,57,57,129,57,57,154,130,58,58,59,83,155,59,59,60,60,61,61,62,86,86,86,62,62,62,86,62,86,87,63,63,87,63,87,63,63,87,87,63,63,63,88,88,88,64,64,65,41
2,8,56,56,57,57,81,57,57,58,58,59,59,131,59,59,107,59,60,156,60,84,60,84,84,84,84,60,60,84,84,84,84,84,60,60,84,60,60,132,84,60,60,84,60,61,109,157,61,62,62,62,135,63,63,111,63,63,159,63,63,64,64,64,41
2,8,56,56,57,57,57,81,58,58,58,82,58,58,82,82,59,59,83,59,83,83,59,59,131,59,60,84,84,60,60,84,60,156,60,84,60,61,61,85,61,62,86,62,62,63,87,63,63,64,64,64,41
2,8,56,56,57,57,58,58,59,59,60,60,61,61,85,85,61,85,61,85,85,85,61,85,61,85,85,85,85,85,85,85,61,62,62,63,63,64,64,88,64,64,41
2,7,56,56,57,57,58,58,82,58,58,59,131,59,107,59,107,107,59,59,107,155,59,59,83,59,59,83,60,60,60,84,60,61,61,62,134,62,63,63,111,63,63,159,63,87,87,63,63,87,63,63,87,63,64,64,88,64,64,88,88,88,88,65,65,89,89,41
2,8,56,56,8,32,56,57,57,129,57,57,105,105,57,57,105,105,105,153,58,59,59,60,60,60,85,61,61,62,62,62,86,63,63,64,88,88,88,88,88,64,64,88,64,88,88,88,88,88,88,40
2,7,56,56,57,57,58,58,59,59,83,59,59,83,59,59,83,83,83,83,59,83,59,60,84,60,60,61,133,61,109,61,61,109,61,61,157,61,62,62,62,86,62,63,87,87,87,87,63,87,63,87,87,63,63,64,64,136,64,64,160,64,65,41
2,8,56,80,56,56,80,56,56,80,56,56,80,80,56,57,81,57,57,81,57,57,81,57,57,81,57,57,81,57,57,81,57,58,82,58,82,58,58,82,58,58,82,58,58,130,154,58,59,59,59,132,60,60,60,108,60,60,156,60,61,61,62,62,86,62,63,63,64,64,65,89,65,65,41
2,7,55,56,56,57,81,57,81,57,57,81,57,57,81,57,57,58,82,58,58,58,83,59,59,83,83,83,131,59,59,155,59,59,84,60,60,84,84,60,60,84,61,61,62,62,62,134,62,62,158,62,63,63,135,63,111,159,63,64,88,64,64,64,41
2,7,55,56,56,57,57,58,82,58,58,82,82,58,59,83,83,59,59,60,84,60,60,60,132,61,85,61,85,61,61,110,62,110,86,62,62,110,62,62,63,159,63,63,63,136,64,64,160,88,88,88,64,88,64,64,88,64,64,88,64,65,41
2,7,56,57,57,58,58,59,59,60,132,156,132,108,60,156,60,60,61,61,86,86,86,86,86,62,86,62,86,62,86,62,86,62,86,86,62,62,134,110,110,62,62,158,63,63,63,87,63,64,64,88,64,41
2,8,56,56,57,57,58,58,58,130,58,106,58,106,106,58,154,58,83,83,83,83,83,83,59,59,83,83,60,60,132,60,60,108,84,108,156,84,60,60,132,84,61,157,85,85,85,61,85,61,62,62,63,63,64,64,64,41
2,7,55,56,80,56,56,128,104,56,56,152,80,56,57,57,58,58,130,59,107,59,59,155,59,59,60,84,84,60,84,84,60,60,84,84,84,84,84,61,61,62,62,63,63,87,63,87,87,63,63,135,63,159,63,64,136,64,64,112,64,64,160,64,65,41
2,8,80,80,56,56,80,128,80,80,152,56,57,57,58,58,59,59,60,60,60,84,61,61,85,85,85,85,85,85,61,85,85,134,62,63,63,159,63,63,64,64,65,41
2,7,56,56,80,56,56,57,57,81,81,81,57,57,81,81,57,81,57,57,58,58,59,59,60,132,60,84,60,61,61,62,86,62,158,62,63,63,63,87,63,63,87,88,64,88,64,64,88,64,65,41
2,7,55,56,56,57,57,58,130,82,58,58,154,58,82,58,59,59,83,59,60,84,60,84,60,84,84,60,60,84,60,84,84,60,84,84,60,84,60,60,108,132,60,61,61,157,61,62,62,62,134,62,63,63,87,63,64,160,64,64,65,65,41
2,8,56,56,80,56,56,80,56,80,56,56,81,57,57,81,57,57,81,57,81,81,57,58,58,59,131,59,155,59,59,131,59,59,156,60,60,84,84,60,60,84,84,60,84,60,84,60,60,61,61,62,134,62,62,158,62,63,63,63,88,64,64,64,40
2,8,56,56,57,57,58,130,58,154,58,58,59,59,131,59,60,60,60,84,60,85,85,157,61,61,85,85,61,61,85,61,85,61,62,86,86,134,62,62,158,62,62,86,62,62,86,62,62,86,62,63,87,63,63,87,63,63,135,63,64,160,64,64,65,41
2,8,57,57,58,130,106,106,106,58,58,106,58,58,154,58,59,59,83,59,59,83,59,59,83,108,132,156,108,108,108,132,60,60,156,60,60,84,61,61,62,62,63,87,87,87,63,87,63,87,63,87,87,87,87,87,63,63,112,136,160,64,64,136,112,112,112,160,64,64,40
2,8,56,56,57,57,57,82,58,58,59,59,60,84,84,60,60,84,60,84,60,84,84,84,60,84,60,84,60,84,84,61,85,61,61,62,62,63,63,135,159,63,63,135,159,63,63,135,111,111,63,63,159,64,64,136,64,64,160,136,64,64,160,136,112,64,64,160,64,136,160,136,160,64,88,64,64,88,64,40
2,7,79,79,79,79,55,79,55,79,55,79,79,79,79,79,80,80,56,56,128,56,56,152,57,57,57,129,105,105,105,153,57,58,82,58,58,58,130,58,58,154,58,59,59,131,59,60,156,60,60,61,61,62,62,63,63,135,63,64,160,64,64,65,41
2,7,55,56,56,56,128,56,104,57,153,57,57,58,58,82,130,58,58,154,58,58,83,59,59,83,59,131,59,59,107,59,155,59,59,132,60,60,108,12,60,36,108,60,60,108,60,60,108,60,156,60,60,84,84,61,61,85,85,85,61,85,61,61,86,86,62,62,62,86,62,62,135,63,111,63,63,159,63,63,135,63,63,159,63,64,64,64,137,113,161,89,89,65,65,41
2,7,56,56,56,128,56,56,152,56,56,80,56,56,105,129,57,153,57,57,58,58,59,131,59,59,83,59,59,155,59,131,155,59,59,131,59,59,156,60,60,132,60,60,108,60,60,108,60,60,156,60,61,133,61,109,109,157,61,61,86,62,86,62,62,86,62,86,62,62,86,86,62,86,86,86,86,62,86,62,62,86,62,63,63,64,64,40
2,8,56,56,57,81,57,57,58,130,58,58,106,154,58,58,130,58,107,59,155,59,59,131,107,107,59,107,59,59,107,156,60,60,61,61,109,133,157,62,62,86,62,62,86,62,86,62,63,87,87,63,63,87,87,63,63,87,63,63,87,63,63,88,88,64,64,88,64,64,88,64,136,64,64,112,64,64,160,64,65,41
2,7,55,128,56,56,57,57,58,58,59,59,59,155,59,60,60,61,61,85,61,62,134,86,62,86,62,86,62,86,86,62,62,86,62,63,63,159,63,135,87,87,63,64,160,64,136,64,64,65,65,66,42
2,7,56,56,57,57,57,129,57,57,153,57,58,82,82,82,58,59,59,60,60,61,85,61,61,85,85,61,61,85,61,62,62,86,62,86,62,63,135,63,63,159,135,64,64,112,160,64,64,136,160,64,65,65,66,42
2,8,56,56,57,57,57,82,58,58,59,59,60,84,60,60,84,132,60,60,157,85,61,62,62,86,134,158,62,63,63,87,63,63,87,63,87,63,64,64,136,160,136,64,65,65,161,65,65,41
2,8,56,56,57,57,129,57,57,105,57,153,57,58,82,58,58,130,58,106,58,58,82,59,155,59,59,83,60,60,61,61,61,86,86,86,62,62,87,63,63,87,63,87,63,87,87,63,63,136,112,64,112,64,64,161,65,65,65,41
2,7,56,56,56,80,80,80,80,56,80,56,56,80,80,80,56,57,57,58,58,59,59,60,60,60,85,61,61,133,61,61,62,110,62,62,158,63,63,64,64,65,137,113,65,113,65,113,113,65,65,161,65,65,66,42
2,8,56,56,57,57,58,58,59,59,83,131,155,59,60,84,60,60,61,133,61,61,85,61,85,85,62,62,110,62,62,158,87,87,63,63,64,64,88,64,65,89,65,137,65,65,113,65,65,113,65,161,65,65,42
2,7,55,56,56,57,57,58,58,59,83,59,59,61,86,86,86,86,62,86,86,62,86,62,86,86,62,63,63,63,88,64,64,65,65,65,41
2,8,56,56,57,57,57,82,58,82,82,82,58,130,58,58,82,58,58,154,58,59,131,59,59,107,155,59,60,60,61,61,62,134,110,110,62,62,158,62,63,63,64,64,64,88,64,65,89,65,65,89,89,65,41
2,8,56,56,128,57,105,105,105,57,153,82,58,58,82,58,58,82,58,82,82,82,58,82,82,58,59,59,60,60,61,61,62,62,63,135,63,63,159,63,135,63,64,64,112,112,160,64,65,65,41
2,8,80,56,80,56,80,80,56,80,56,56,80,56,56,57,57,129,57,57,81,57,57,154,58,58,82,58,58,59,59,60,60,61,61,85,62,62,86,86,62,134,110,110,62,158,62,63,63,64,64,65,65,89,65,65,66,42
2,8,56,56,57,57,129,105,105,105,81,153,57,57,57,130,58,58,58,106,59,155,59,59,60,84,60,60,84,60,61,85,61,61,85,61,61,62,62,63,63,87,63,64,88,64,88,64,64,113,137,161,65,65,89,65,65,41
2,8,80,56,56,56,80,56,80,81,57,57,58,58,82,58,58,59,59,83,59,60,60,61,61,61,133,62,62,158,62,62,63,63,64,64,89,65,89,65,65,137,89,65,65,161,65,65,41
2,8,56,56,56,128,56,104,57,57,81,57,57,81,81,153,81,58,58,58,82,58,58,82,82,83,59,59,59,131,107,155,60,60,60,85,61,61,62,62,63,63,64,64,136,112,64,112,64,64,112,64,65,161,65,65,65,41
2,8,56,56,57,57,81,57,57,58,58,130,58,58,155,59,59,60,60,61,61,133,61,110,62,62,158,63,87,63,63,87,87,87,87,87,63,87,88,64,65,65,89,65,41
2,7,56,80,56,56,80,80,80,80,81,57,81,81,57,57,58,58,59,59,60,60,61,61,61,85,61,62,86,62,63,63,64,64,65,65,66,66,42
2,7,55,56,56,57,57,58,58,130,155,83,59,59,83,59,59,83,83,59,83,60,60,84,60,60,133,61,61,157,61,62,62,63,63,135,63,159,63,64,88,64,64,65,65,89,65,65,89,42
2,8,56,56,57,57,58,58,59,131,59,59,107,59,60,84,84,60,84,60,84,84,60,60,84,60,84,60,108,61,85,61,61,85,61,61,157,62,134,158,62,63,63,64,64,64,136,112,112,113,161,65,65,65,41
2,8,56,56,80,56,57,57,58,58,83,59,59,83,59,60,60,61,61,62,62,63,63,63,87,63,64,88,64,64,64,88,64,64,88,64,65,65,89,89,89,65,89,89,65,66,42
2,8,56,56,57,57,58,58,59,59,60,60,61,61,133,61,62,62,158,86,62,63,63,64,64,88,64,64,88,89,89,65,65,89,89,65,65,89,65,65,89,65,65,42
2,7,55,56,56,57,57,58,58,59,83,59,59,131,59,60,60,84,60,60,156,61,85,61,61,85,62,62,63,63,63,87,63,88,88,64,88,88,64,65,65,65,41
2,8,56,80,56,80,56,57,57,58,58,82,58,58,130,58,58,107,59,155,59,59,132,108,60,60,156,60,60,60,132,60,108,157,61,61,133,61,61,109,157,61,62,86,134,110,62,62,158,62,63,135,111,111,87,111,87,159,63,87,87,87,87,63,64,88,64,88,64,64,136,64,65,113,65,65,65,161,65,41
2,8,80,56,80,80,80,80,56,56,128,56,104,56,57,153,57,57,129,105,105,105,105,153,81,81,57,82,130,106,58,154,58,59,59,59,108,132,156,60,60,84,61,61,61,133,61,62,62,158,62,134,62,111,63,111,159,63,63,136,64,64,112,160,64,65,65,65,42
2,7,56,56,128,56,56,104,56,152,56,57,57,81,57,57,81,81,57,58,130,106,58,59,59,155,131,59,60,108,60,60,156,60,60,132,61,61,109,61,61,157,61,61,133,157,62,62,63,63,64,64,88,88,88,88,88,64,65,137,65,65,161,65,65,89,137,65,113,66,162,66,42
2,8,56,56,128,56,56,152,56,57,57,58,82,58,82,58,58,82,82,130,82,82,82,82,58,58,154,58,59,59,131,59,155,132,60,60,157,61,61,61,134,62,62,158,62,135,63,63,159,63,64,88,64,64,64,137,65,113,113,65,113,161,65,65,65,42
2,8,128,104,56,56,104,56,104,104,56,104,56,152,56,57,57,81,81,81,57,81,81,57,129,105,153,58,58,58,130,106,58,58,155,59,59,60,60,84,84,60,61,61,61,86,62,62,62,134,62,63,159,63,63,64,64,64,136,160,65,65,66,42
2,7,128,56,56,104,104,152,56,57,57,58,58,82,82,82,82,58,82,82,58,58,83,59,83,131,155,131,83,60,156,132,108,84,60,60,156,132,108,109,61,61,109,61,61,109,62,62,158,63,63,64,64,65,65,65,42
2,8,56,128,56,57,57,105,153,57,58,58,130,106,106,106,58,155,59,59,60,60,60,108,132,156,61,61,85,61,61,86,86,86,86,86,62,86,86,86,62,62,134,63,63,159,63,63,135,111,63,63,64,112,160,64,64,65,65,113,137,161,65,66,42
2,8,56,56,128,56,56,152,57,57,129,105,153,57,129,57,57,154,58,58,59,59,59,132,60,60,156,60,60,84,60,133,157,133,157,61,62,62,86,86,62,62,62,135,111,111,63,111,159,63,64,64,88,64,64,88,64,65,89,65,65,89,65,65,89,65,65,89,65,65,41
2,8,56,56,57,57,57,130,58,58,58,106,58,154,59,59,60,60,84,60,61,61,62,62,63,63,64,64,65,65,66,90,90,90,66,67,43
2,8,56,56,57,81,57,81,57,81,57,57,82,82,58,58,130,106,58,58,155,59,60,60,61,61,62,62,63,63,63,136,112,112,64,160,64,64,65,65,66,90,66,90,66,66,66,42
2,8,56,57,57,58,131,59,60,108,156,60,61,61,133,61,61,109,61,157,62,62,63,63,87,87,87,88,88,64,64,88,88,88,64,64,65,65,66,66,66,43
2,8,56,56,57,57,81,57,58,58,59,131,59,107,155,59,59,60,84,60,60,84,84,61,85,61,61,133,109,109,109,61,109,157,61,61,85,61,62,62,63,63,64,64,88,88,64,88,64,88,65,65,66,66,66,43
2,7,56,80,80,56,56,57,57,58,58,59,59,60,60,61,61,62,62,62,86,63,63,64,64,64,88,64,88,64,89,65,89,89,65,89,65,65,66,66,67,43
2,8,56,56,80,56,57,57,58,58,82,82,82,58,58,82,82,82,82,82,58,59,59,60,60,60,132,61,61,61,109,157,61,62,62,63,135,111,63,111,63,63,160,64,64,65,65,66,66,66,42
2,8,56,56,57,57,81,81,81,57,81,57,81,81,81,81,57,58,58,59,59,60,60,132,108,108,108,156,60,61,61,62,62,134,110,63,63,159,63,63,64,64,88,64,65,65,66,66,66,43
2,8,56,56,57,57,81,57,58,58,130,106,58,106,58,58,106,107,59,107,59,155,59,59,83,60,60,84,60,84,61,61,62,62,63,63,64,64,65,65,89,65,89,89,65,66,66,90,66,66,90,66,67,91,91,67,67,43
2,8,56,56,57,57,81,57,57,57,81,58,58,59,59,59,131,60,60,60,84,61,61,85,61,61,157,61,62,62,63,63,87,63,64,88,64,88,88,64,88,88,88,88,65,65,65,137,66,66,162,66,66,42
2,8,56,80,56,56,80,56,80,56,80,80,80,57,57,58,58,59,59,83,59,83,59,59,60,60,61,61,62,62,62,134,62,158,63,63,64,64,64,88,64,65,137,65,65,161,65,65,66,66,43
2,7,55,56,56,57,57,129,105,105,106,58,106,154,58,58,59,83,59,60,60,61,61,62,62,62,87,63,87,63,63,87,87,63,63,88,64,64,65,65,137,65,65,161,65,65,90,66,90,90,66,66,66,43
2,7,55,56,56,57,81,81,57,57,81,57,57,81,58,82,82,82,82,58,58,59,59,60,60,132,60,108,60,156,60,61,61,85,62,62,63,63,64,64,64,89,65,89,65,66,66,67,67,43
2,8,56,56,80,80,80,80,80,56,56,80,56,80,80,56,56,80,56,57,57,58,58,59,59,60,60,61,61,62,62,63,63,64,64,65,65,66,66,43
2,7,55,56,80,56,56,80,56,56,80,56,80,80,80,80,56,56,80,80,57,57,58,58,59,59,131,59,59,107,107,60,156,60,60,61,61,61,134,110,62,110,62,62,110,62,63,159,63,63,64,64,65,65,66,66,67,43
2,8,56,56,57,57,58,58,82,58,58,58,83,83,83,59,59,60,60,61,61,85,85,85,85,61,62,86,62,62,63,63,64,64,65,65,66,66,66,43
2,7,79,79,79,55,79,55,79,56,56,57,57,58,58,59,59,83,59,83,59,60,132,156,132,156,132,108,84,108,84,156,60,60,132,156,60,61,61,62,62,134,62,158,134,62,62,158,134,110,159,63,63,64,64,65,65,66,66,66,43
2,8,80,56,56,57,129,57,57,153,57,57,129,105,105,106,106,58,154,58,58,59,83,59,59,131,59,156,60,60,132,60,61,157,61,61,133,61,62,158,62,62,63,63,87,87,64,64,65,65,65,89,89,89,66,66,66,90,66,90,66,42
2,7,55,56,56,128,56,57,153,57,57,58,58,130,58,59,155,59,59,60,60,60,133,85,85,61,61,157,61,62,86,62,86,134,86,86,86,86,86,62,62,158,62,63,63,64,136,64,64,160,64,65,65,66,138,114,66,66,114,66,114,66,162,66,66,43
2,7,55,79,79,55,55,79,79,55,56,128,56,56,104,56,56,104,56,152,57,129,57,153,57,58,58,130,106,58,154,58,59,59,60,60,132,108,108,108,156,60,61,61,62,62,63,63,63,136,64,64,112,160,88,88,64,65,89,65,65,89,89,65,65,66,138,66,66,114,66,162,67,43
2,7,55,56,128,56,56,104,152,56,56,80,56,56,128,104,153,57,57,129,57,106,154,58,58,59,59,60,60,60,132,108,156,60,61,61,62,62,62,87,63,63,87,63,63,64,136,64,160,88,64,88,64,64,136,89,65,65,65,113,114,66,66,90,66,66,162,90,66,90,66,66,42
2,7,55,56,56,57,57,58,58,59,83,59,59,84,60,60,84,60,84,60,60,85,85,85,61,85,133,61,61,109,61,157,62,62,63,87,63,63,135,63,63,64,64,65,89,65,66,66,66,162,67,67,43
2,7,56,56,56,104,128,56,104,104,152,57,57,58,58,130,154,58,58,82,58,59,131,59,59,155,59,59,60,132,60,156,60,61,61,62,86,62,86,62,62,63,63,135,63,64,64,160,88,65,89,65,89,89,65,65,89,89,65,66,66,138,162,66,66,43
2,8,57,57,57,129,57,58,58,106,58,59,155,59,131,59,107,59,155,59,59,83,59,83,59,59,83,83,132,156,62,63,63,64,64,136,64,160,64,137,65,65,113,65,161,66,66,43
2,8,56,56,57,57,81,57,57,129,58,58,106,58,106,58,58,106,106,154,58,59,59,59,132,60,60,156,132,60,60,108,60,109,61,157,61,61,62,86,62,62,86,62,86,86,86,86,62,62,87,63,63,64,64,64,136,64,65,113,65,65,161,65,66,138,114,162,66,66,66,42
3,1,26,7,31,8,56,56,57,57,81,57,58,58,59,83,83,83,59,60,84,84,60,60,84,84,61,61,85,85,85,62,62,86,62,62,63,63,64,136,112,16,160,64,64,40,40,17,66,66,67,67,68,68,68,20,140,164,44,69,69,70,70,71,71,47
3,0,24,8,56,56,57,81,57,57,58,58,59,59,60,60,61,61,85,61,86,62,62,86,86,86,86,86,86,86,86,62,63,63,63,40,19,67,67,19,43,67,68,68,69,69,69,21,46,46
1,7,55,79,80,56,56,57,57,81,81,57,81,57,57,81,82,58,58,58,82,58,82,58,82,83,59,59,83,59,60,60,61,61,62,62,86,62,62,86,62,63,63,39,20,68,68,69,141,69,165,69,70,70,71,71
1,30,7,55,56,56,57,57,58,58,59,59,83,83,83,83,59,59,83,59,83,83,83,59,83,83,60,60,61,61,62,62,86,62,86,86,62,63,63,63,39,19,67,139,67,115,67,67,115,163,140,68,116,68,164,68,68,140,116,116,164,117,141,117,69,69,165,69,141,69,117,69,69,165,69,117,69,141,69,69,165,69,141,69,118,166,46
1,7,55,56,80,56,56,57,57,81,57,57,81,81,57,58,82,58,58,83,59,59,60,60,84,60,60,84,60,84,84,60,84,60,61,85,85,85,61,61,62,62,63,63,39,17,65,65,66,66,67,67,68,68,69,69,70,70,71,71,143,71,167,71
1,26,7,79,55,55,79,56,56,57,57,57,82,82,58,58,82,82,58,58,82,58,82,82,58,59,59,60,60,61,61,85,85,61,85,61,62,62,86,62,86,62,63,63,39
1,7,127,55,151,55,31
2,8,56,56,57,57,129,57,57,153,57,58,58,130,154,58,59,59,60,60,61,61,133,62,86,62,86,110,62,86,86,62,62,86,158,86,62,62,63,135,63,63,111,87,87,87,63,111,63,88,160,64,64,88,88,64,64,88,64,88,64,64,88,64,88,64,41
2,8,56,56,128,104,56,56,104,56,104,152,56,57,57,105,129,57,57,153,58,58,82,58,58,130,106,58,154,58,59,83,83,59,59,83,59,83,59,59,83,59,83,60,60,84,84,84,60,60,84,60,61,61,133,61,109,61,157,61,85,61,62,86,62,62,134,62,110,158,63,63,135,63,63,87,111,63,87,63,159,63,64,64,136,64,64,112,160,64,65,41
2,8,56,56,128,56,104,104,56,104,152,80,56,128,153,57,81,57,57,58,58,130,58,58,154,130,59,59,155,83,83,59,59,83,83,59,59,83,59,59,83,59,83,59,59,83,59,60,84,60,60,84,60,60,132,156,61,61,85,61,85,61,61,62,86,62,62,62,134,62,158,62,63,63,135,64,160,64,65,65,41
2,8,56,56,57,57,57,129,153,130,58,58,58,106,58,106,58,58,106,58,59,155,83,59,59,83,59,59,131,59,59,107,59,108,60,108,60,108,156,60,60,84,60,60,84,60,60,85,85,61,61,85,61,61,133,109,157,85,61,62,62,86,86,86,62,62,86,62,62,86,62,63,87,63,63,135,87,63,111,63,111,63,64,160,64,64,136,64,64,65,113,65,161,65,65,41
1,5,125,54,150,54,30,7,55,55,56,56,57,57,59,83,61,61,62,63,40
1,2,122,50,146,50,26,7,55,56,82,58,58,59,59,60,60,62,40
1,6,126,54,150,54,30,7,55,56,56,80,57,58,58,59,59,60,60,64,40
2,8,57,57,58,58,59,59,61,133,62,62,158,65,65,89,66,42
2,8,56,57,57,58,58,59,60,84,133,157,133,109,158,63,64,64,65,65,65,42
2,8,56,81,57,129,58,154,59,59,133,61,109,157,61,133,61,62,62,158,63,63,64,64,65,65,66,66,42
2,8,56,56,57,57,58,58,84,60,61,61,62,62,63,137,161,65,138,66,66,162,42
2,8,57,57,57,129,105,58,58,106,154,58,58,83,60,60,61,135,111,64,160,64,64,65,65,42
2,8,82,130,154,58,58,59,59,60,60,84,61,62,135,64,88,160,65,65,66,42
2,8,56,57,58,130,106,106,106,106,107,155,59,59,60,85,61,62,62,63,63,64,65,42
2,8,57,57,58,58,131,107,107,155,59,60,60,61,62,134,86,63,111,159,63,64,64,65,65,66,42
2,8,56,56,128,104,104,104,152,56,57,57,58,58,59,59,60,60,61,61,66,90,42
2,8,80,56,57,131,107,59,155,59,60,60,60,84,63,64,64,137,113,161,89,65,66,66,42
2,8,128,104,80,104,56,105,105,153,59,59,60,60,61,61,63,137,65,65,113,161,65,66,42
2,8,56,57,57,82,58,59,132,60,60,61,62,158,63,64,64,65,65,66,42
2,8,56,57,57,129,58,58,154,58,58,82,58,58,83,59,59,60,60,61,85,63,136,112,112,160,88,65,66,66,42
2,8,56,57,57,58,58,59,59,60,133,109,109,109,157,62,62,135,111,159,64,64,65,89,65,66,42
2,8,56,56,56,129,57,57,153,57,57,59,132,156,60,61,61,62,62,63,63,64,64,65,90,66,66,42
2,8,56,57,57,130,58,106,106,154,58,59,59,60,60,61,61,62,63,136,64,112,160,136,112,160,89,65,65,42
2,8,56,81,57,57,130,58,154,58,59,59,132,156,62,62,63,63,64,65,137,113,113,161,65,66,90,42
2,8,56,57,57,58,58,59,59,60,61,86,135,111,111,111,159,64,137,113,161,65,65,42
2,8,56,56,81,57,58,58,59,59,132,108,108,108,156,60,61,61,62,62,63,64,136,112,160,66,66,42
2,8,57,57,58,82,58,59,60,132,156,61,61,62,62,63,63,64,64,65,65,66,66,42
2,8,56,56,104,104,128,152,57,58,58,59,59,59,131,107,155,132,156,60,61,61,62,62,63,63,65,89,65,66,138,162,138,114,114,162,42
2,8,129,153,58,130,154,60,60,61,133,109,109,157,61,62,62,63,89,65,66,66,138,66,66,114,162,42
2,8,56,56,129,105,153,129,153,82,58,130,58,155,132,60,108,157,61,61,61,134,110,158,62,63,63,64,137,65,162,138,66,114,162,42
2,8,80,128,56,56,104,152,128,105,57,153,129,153,130,154,130,106,155,133,109,157,61,62,62,63,63,64,64,66,42
2,8,56,80,129,105,105,153,58,130,154,59,59,60,60,61,62,134,110,159,135,160,137,65,161,42
2,8,56,57,58,131,155,131,107,107,59,155,83,132,108,108,108,108,109,157,133,157,133,109,157,133,158,63,63,64,64,65,89,66,66,42
2,8,128,104,152,80,57,129,105,153,57,107,131,155,132,108,108,156,133,157,133,109,157,62,134,110,158,63,64,64,65,65,66,42
2,8,56,128,152,128,57,57,153,57,130,106,154,132,108,156,60,132,156,133,157,62,87,64,64,65,65,66,42
2,8,56,57,58,106,130,154,106,130,106,154,131,107,107,107,155,131,155,131,107,155,59,60,60,61,61,64,88,66,42
2,7,55,55,56,56,56,80,56,56,80,80,57,57,58,58,59,59,83,59,60,60,61,61,62,62,63,87,87,63,63,63,88,64,64,88,64,64,136,112,112,112,64,112,112,160,64,65,41
2,7,55,56,56,57,57,58,58,59,59,60,60,61,61,62,62,63,135,63,63,111,63,63,88,88,64,64,88,88,88,88,88,88,88,64,65,65,41
2,7,55,55,56,128,152,56,56,57,57,58,82,58,82,58,82,82,82,82,58,58,82,82,82,58,59,59,107,131,60,60,108,60,156,60,60,61,61,62,62,134,110,63,159,63,63,64,64,64,136,64,160,64,65,41
2,7,79,79,55,55,56,56,57,57,58,58,59,59,60,132,60,60,156,60,61,61,133,62,62,86,62,62,86,62,63,87,63,63,87,63,63,159,135,63,64,88,88,64,64,88,64,65,161,41
2,7,55,55,79,56,57,57,81,81,57,58,58,82,58,59,59,131,59,107,59,59,155,59,60,60,61,61,62,62,134,62,110,110,62,62,110,62,62,158,63,63,63,135,63,112,64,160,64,64,64,88,89,89,89,89,65,65,89,65,65,41
2,7,55,55,56,56,56,80,128,57,57,81,81,57,57,105,58,58,154,58,59,59,131,107,59,107,108,60,60,156,60,60,61,61,62,62,63,63,87,63,87,63,87,87,87,87,63,64,64,65,41
2,7,79,55,55,56,56,57,57,58,58,130,58,58,154,58,59,59,60,60,61,61,133,157,63,63,64,64,64,88,88,89,89,65,65,89,89,89,89,41
2,7,55,55,56,56,57,57,81,57,57,58,58,59,59,132,60,60,156,60,61,61,62,62,134,62,63,63,159,63,63,64,88,88,88,88,88,64,88,88,88,64,64,65,41
2,7,55,55,56,80,56,80,56,80,80,80,80,56,57,57,58,58,59,83,59,59,83,83,59,59,60,132,108,156,60,61,61,62,62,63,63,63,136,64,112,112,112,112,64,160,64,65,65,41
2,7,55,55,56,56,57,81,57,81,57,81,81,57,81,57,58,58,59,59,83,59,131,59,60,156,60,60,61,133,61,157,61,62,62,62,134,62,62,111,63,63,111,159,63,63,63,136,64,64,88,64,88,160,64,88,64,65,41
2,7,55,55,128,56,56,80,104,56,152,80,80,56,81,57,57,58,58,59,59,60,60,60,133,109,109,109,109,61,157,61,61,85,61,62,62,63,63,88,64,64,88,64,88,64,64,88,65,65,41
2,7,55,55,56,56,80,56,57,129,57,57,105,57,105,57,153,57,58,58,82,82,58,58,82,58,58,82,58,59,59,60,84,60,84,60,60,84,60,60,84,60,84,61,61,62,62,63,63,63,87,63,64,64,41
2,7,55,56,56,57,57,57,81,57,57,130,82,58,58,82,58,59,83,59,59,155,83,59,59,83,83,59,59,83,131,59,60,60,157,61,61,62,86,62,63,63,64,64,65,65,41
2,7,55,55,56,56,57,57,81,81,81,81,81,57,81,81,81,57,58,58,59,83,59,60,60,61,61,133,109,61,109,109,157,62,62,63,135,63,63,64,112,64,64,65,161,65,65,41
2,7,55,55,56,56,57,57,58,58,59,59,60,84,84,60,84,84,60,60,61,61,62,86,62,86,86,86,62,62,63,87,63,63,87,63,64,64,65,41
2,7,79,79,55,79,79,55,79,55,56,80,56,56,57,81,57,57,58,58,59,83,59,59,60,60,61,61,62,62,86,62,63,87,63,63,64,64,65,41
2,7,55,55,56,56,57,57,129,106,58,58,106,58,58,106,58,154,58,59,59,60,60,61,61,62,62,63,63,87,87,87,63,87,87,63,63,88,88,88,88,64,64,65,41
2,7,79,79,79,55,55,56,56,57,57,58,58,59,131,59,107,59,107,107,107,107,155,60,60,61,61,62,62,86,62,62,86,87,63,87,87,63,63,64,64,88,64,65,41
2,7,55,55,56,80,80,80,56,80,80,80,56,57,57,57,81,81,57,58,130,58,106,154,58,59,59,60,84,60,60,61,61,62,62,86,62,63,63,64,64,136,112,112,64,64,112,160,64,65,41
2,7,55,55,56,56,57,57,57,81,57,81,81,57,82,82,82,58,82,82,58,58,59,59,60,60,61,61,62,62,86,62,63,63,64,64,65,65,41
2,7,55,55,79,55,56,56,57,57,58,58,82,82,58,58,82,82,58,82,82,58,82,58,59,59,60,60,60,84,61,61,62,86,62,62,63,135,159,135,63,159,87,63,64,64,65,65,41
2,7,55,55,127,55,55,103,55,56,152,56,56,57,57,57,130,58,58,107,155,59,59,60,60,84,60,60,132,109,61,61,157,61,61,85,62,62,62,134,110,63,63,111,159,63,63,87,87,87,87,63,87,88,88,64,64,65,41
2,7,55,55,56,128,152,56,128,56,104,80,152,56,56,128,104,152,56,80,56,80,81,57,57,129,81,57,81,57,105,57,57,81,81,153,81,57,58,58,131,155,59,131,59,59,107,59,155,59,60,60,61,61,62,62,63,63,64,64,65,41
2,7,55,56,80,56,80,80,80,56,56,80,56,56,80,56,56,80,80,80,58,59,59,60,60,61,61,62,62,63,63,64,88,41
2,7,55,55,55,127,104,152,56,56,57,57,57,105,129,153,58,58,59,59,59,131,60,60,108,156,60,61,61,133,61,61,109,61,61,157,62,62,62,86,62,63,87,87,87,63,63,63,87,87,87,87,63,87,63,64,112,112,112,136,112,64,112,64,64,160,64,65,65,41
2,7,55,127,103,55,103,55,55,151,56,56,57,57,58,58,130,58,58,106,106,59,59,155,59,83,59,59,131,59,59,155,84,60,60,60,132,60,61,109,157,61,61,133,61,85,85,61,85,61,86,86,62,86,62,86,62,158,134,62,62,111,111,63,63,63,159,63,136,64,64,112,64,64,160,64,65,41
2,7,127,55,55,103,55,151,56,56,57,57,58,58,131,107,107,59,155,59,59,83,83,59,60,60,61,61,62,134,158,62,62,134,62,62,110,63,159,63,63,135,63,112,112,64,160,136,64,64,160,64,65,89,65,89,65,89,65,89,65,89,89,89,41
2,7,55,55,56,56,57,57,129,57,57,105,57,81,105,105,57,81,153,82,82,82,58,130,82,58,58,154,58,59,59,83,59,59,131,84,60,60,156,60,61,61,85,62,62,134,62,62,158,63,63,135,63,64,160,64,64,64,136,64,64,160,64,65,41
2,7,55,55,56,56,57,57,58,58,59,59,83,59,60,60,133,109,109,157,133,157,133,109,61,157,133,109,157,133,158,62,62,87,63,87,87,88,88,88,88,64,88,65,41
1,3,52,125,54,150,54,30,8,56,56,57,57,58,58,58,82,59,59,60,60,61,61,62,62,63,63,64,64,64,40
1,0,25,7,31,8,56,56,57,57,57,81,82,58,82,58,58,82,58,58,82,59,59,12,60,84,84,60,84,84,60,84,61,61,62,62,63,63,87,63,64,64,40,19,67,68,68,69,69,70,22,142,46,70,166,70,71,71,47
1,4,28,8,56,56,80,80,56,80,56,81,81,57,57,58,58,58,10,58,58,35,59,59,13,61,61,85,61,61,86,62,62,63,15,39,63,87,63,63,87,87,63,63,87,63,64,40,20,68,68,69,69,70,70,142,70,166,70,71,71,23,47
1,0,24,25,1,25,8,56,56,80,80,56,57,57,58,58,59,59,60,84,60,60,61,13,61,61,85,61,85,61,85,85,86,62,86,62,86,62,86,62,62,63,63,64,40,20,44,21,45
